<?xml version="1.0"?>

<!-- <!DOCTYPE ui-resources SYSTEM "resources.dtd"> -->

<ui-resources>
  <!-- Main Window Title and Icon -->
  <resource name="title" value="CruiseControl Admin Console"/> 
  <resource name="titleBarIcon" value="logo-small"/>

  <!-- Build the toolbar for on the top window -->
  <resource name="toolbar" value=""/>

  <!-- Build the MenuBar for the main window -->
  <resource name="menubar" value="file edit help"/>
  <resource name="file" label="File" value="newConfiguration openConfiguration saveConfiguration - exit"/>
  <resource name="exit" label="Exit" command="exitApplication"/>
  <resource name="newConfiguration" label="New Configuration" command="newConfiguration"/>
  <resource name="openConfiguration" label="Open Configuration..." command="openConfiguration"/>
  <resource name="saveConfiguration" label="Save Configuration" command="saveConfiguration"/>
  <resource name="help" label="Help" value="about"/>
  <resource name="about" label="About..." command="launchAbout"/>

  <resource name="edit" label="Edit" value="cut copy paste delete"/>
  <resource name="cut" label="Cut" command="cut"/>
  <resource name="copy" label="Copy" command="copy"/>
  <resource name="paste" label="Paste" command="paste"/>
  <resource name="delete" label="Delete..." command="delete"/>
  <resource name="copyPaste" label="Copy in place" command="copyPaste"/>
  
  <resource name="project" label="Project" value="addPlugin addDateFormat addLabelIncrementer addListeners addBootstrappers addModificationSet addSchedule addLog addPublishers"/>
	
  <!-- root node menu -->
  <resource name="cruisecontrolMenu" value="paste | addProject"/>
  <resource name="addProject" label="Add Project" command="addProject"/>
    
  <!-- default node menu -->
  <resource name="nodeMenu" value="copy cut delete copyPaste"/>
  
  <!-- Project menu -->
  <resource name="projectMenu" value="addPlugin addDateFormat addLabelIncrementer addListeners addBootstrappers addModificationSet addSchedule addLog addPublishers - copy cut paste delete"/>
  <resource name="addPlugin" label="Add Plugin" command="addPlugin"/>
  <resource name="addDateFormat" label="Add Date Format" command="addDateFormat"/>
  <resource name="addLabelIncrementer" label="Add Incrementer" command="addLabelIncrementer"/>
  <resource name="addListeners" label="Add Listeners" command="addListeners"/>
  <resource name="addBootstrappers" label="Add Bootstrappers" command="addBootstrappers"/>
  <resource name="addModificationSet" label="Add Modification Set" command="addModificationSet"/>
  <resource name="addSchedule" label="Add Schedule" command="addSchedule"/>
  <resource name="addLog" label="Add Log" command="addLog"/>
  <resource name="addPublishers" label="Add Publishers" command="addPublishers"/>
  
  <!-- publishers menu -->
  <resource name="listenersMenu" value="addListenerType - paste delete"/>
  <resource name="addListenerType" label="Add Listener..." command="addListenerType"/>
  
  <!-- boostrappers menu -->
  <resource name="bootstrappersMenu" value="addBootstrapper - paste delete"/>
  <resource name="addBootstrapper" label="Add Bootstrapper..." command="addBootstrapper"/>
  
  <!-- modificationset menu-->
  <resource name="modificationsetMenu" value="addModificationtype - paste delete"/>
  <resource name="addModificationtype" label="Add Modification Type..." command="addModificationSetType"/>
  
  <!-- schedule menu-->
  <resource name="scheduleMenu" value="addScheduleType - paste"/>
  <resource name="addScheduleType" label="Add Schedule Type..." command="addScheduleType"/>

  <!-- log menu-->
  <resource name="logMenu" value="addMerge - paste delete"/>
  <resource name="addMerge" label="Add Merge" command="addMerge"/>

  <!-- publishsers menu-->
  <resource name="publishersMenu" value="addPublisherType - paste delete"/>
  <resource name="addPublisherType" label="Add Publisher Type..." command="addPublisherType"/>
   
</ui-resources>