-- $Id$
-- This script creates the SCOTT schema used by some of the unit tests.

!set verbose true
!autocommit off

-- create local SCOTT schema
create schema SCOTT;
set schema SCOTT;

CREATE TABLE DEPT (
    DEPTNO NUMBER(2) NOT NULL,
    DNAME CHAR(14) NULL,
    LOC CHAR(13) NULL);
DROP TABLE EMP;
CREATE TABLE EMP (
EMPNO NUMBER(4) NOT NULL,
    ENAME CHAR(10) NULL,
    JOB CHAR(9) NULL,
    MGR NUMBER(4) NULL,
    HIREDATE DATE NULL ,
    SAL NUMBER(7,2) NULL,
    COMM NUMBER(7,2) NULL,
    DEPTNO NUMBER(2));
INSERT INTO DEPT VALUES
    (10,'ACCOUNTING','NEW YORK'),
    (20,'RESEARCH','DALLAS'),
    (30,'SALES','CHICAGO'),
    (40,'OPERATIONS','BOSTON')
INSERT INTO EMP VALUES
    (7369,'SMITH','CLERK',7902, CTOD('17/12/1980'),800,NULL,20),
    (7499,'ALLEN','SALESMAN',7698, CTOD('20/2/1981'),1600,300,30),
    (7521,'WARD','SALESMAN',7698, CTOD('22/2/1981'),1250,500,30),
    (7566,'JONES','MANAGER',7839,CTOD('2/4/1981'),2975,NULL,20),
    (7654,'MARTIN','SALESMAN',7698, CTOD('28/9/1981'),1250,1400,30),
    (7698,'BLAKE','MANAGER',7839,CTOD('1/5/1981'),2850,NULL,30),
    (7782,'CLARK','MANAGER',7839,CTOD('9/6/1981'),2450,NULL,10),
    (7788,'SCOTT','ANALYST',7566,CTOD('13/7/1987'),3000,NULL,20),
    (7839,'KING','PRESIDENT',NULL,CTOD('17/11/1981'),5000,NULL,10),
    (7844,'TURNER','SALESMAN',7698,CTOD('8/9/1981'),1500,0,30),
    (7876,'ADAMS','CLERK',7788,CTOD('13/7/1987'),1100,NULL,20),
    (7900,'JAMES','CLERK',7698,CTOD('3/12/1981'),950,NULL,30),
    (7902,'FORD','ANALYST',7566,CTOD('3/12/1981'),3000,NULL,20),
    (7934,'MILLER','CLERK',7782,CTOD('23/1/1982'),1300,NULL,10);
CREATE TABLE BONUS(
    ENAME CHAR(10) NULL,
    JOB CHAR(9) NULL,
    SAL NUMBER NULL,
    COMM NUMBER);
CREATE TABLE SALGRADE (
    GRADE NUMBER NULL,
    LOSAL NUMBER NULL,
    HISAL NUMBER NULL);
INSERT INTO SALGRADE VALUES
    (1,700,1200),
    (2,1201,1400),
    (3,1401,2000),
    (4,2001,3000),
    (5,3001,9999);
